WEEK,CHAIN,UNIQUE_USERS,ACTIVE_POOLS,TOTAL_VOLUME,AVG_VOLUME,MEDIAN_VOLUME,CUMU_VOLUME
2021-05-31 00:00:00.000,Arbitrum,2,2,"null","null","null","null"
2021-07-12 00:00:00.000,Arbitrum,2,1,21.48,10.74,10.74,21.48
2021-08-23 00:00:00.000,Arbitrum,3,2,32.91,10.97,3.2,54.39
2021-08-30 00:00:00.000,Arbitrum,1398,33,2346181.7,949.10262945,501.69,2346236.09
2021-09-06 00:00:00.000,Arbitrum,16581,50,26234733.84,1408.651945876,162.67,28580969.93
2021-09-13 00:00:00.000,Arbitrum,28747,69,176887331.89,3634.496946516,231.22,205468301.82
2021-09-20 00:00:00.000,Arbitrum,16862,69,163155040.48,4760.315121667,251.78,368623342.3
2021-09-27 00:00:00.000,Arbitrum,11114,72,81772058.77,4527.047487682,252.88,450395401.07
2021-10-04 00:00:00.000,Arbitrum,8795,73,101647025.64,7286.002841373,858.28,552042426.71
2021-10-11 00:00:00.000,Arbitrum,9301,84,297329442.57,18145.333978396,3007.18,849371869.28
2021-10-18 00:00:00.000,Arbitrum,9704,81,421746731.11,21786.689281434,6980.66,1271118600.39
2021-10-25 00:00:00.000,Arbitrum,6020,84,397843004.86,22860.599026605,13167.87,1668961605.25
2021-11-01 00:00:00.000,Arbitrum,3823,79,347058720.33,27882.92121234,12553.31,2016020325.58
2021-11-08 00:00:00.000,Arbitrum,4999,79,390040025.19,21567.045904894,3778.86,2406060350.77
2021-11-08 00:00:00.000,Optimism,4213,57,8711702.98,1729.198685987,208.66,8711702.98
2021-11-15 00:00:00.000,Arbitrum,7316,92,438274462.76,15483.447423161,1604.905,2844334813.53
2021-11-15 00:00:00.000,Optimism,9782,70,37304981.47,1961.768062158,235.14,46016684.45
2021-11-22 00:00:00.000,Arbitrum,7450,94,631400944,18899.127301027,4024.55,3475735757.53
2021-11-22 00:00:00.000,Optimism,8248,78,23873500.1,1546.912466792,199.66,69890184.55
2021-11-29 00:00:00.000,Arbitrum,5537,89,463520699.56,17222.289498402,4626.105,3939256457.09
2021-11-29 00:00:00.000,Optimism,6334,81,23911233.51,1829.754630395,285.245,93801418.06
2021-12-06 00:00:00.000,Arbitrum,6158,91,514411423.85,16553.334529862,2228.015,4453667880.94
2021-12-06 00:00:00.000,Optimism,7058,84,19943858.59,1339.233050631,262.695,113745276.65
2021-12-13 00:00:00.000,Arbitrum,5177,89,299253451.68,12657.704579985,2002.785,4752921332.62
2021-12-13 00:00:00.000,Optimism,7824,88,25452822.66,1486.122651953,280.76,139198099.31
2021-12-20 00:00:00.000,Arbitrum,4261,92,193636357.7,10491.783577156,1999.27,4946557690.32
2021-12-20 00:00:00.000,Optimism,8346,94,15756604.06,1046.811324741,200,154954703.37
2021-12-20 00:00:00.000,Polygon,43945,280,143128915.58,768.172192418,117.845,143128915.58
2021-12-27 00:00:00.000,Arbitrum,3826,96,204497505.81,10815.96793833,3342.64,5151055196.13
2021-12-27 00:00:00.000,Optimism,9890,88,14802083.16,973.821260526,137.95,169756786.53
2021-12-27 00:00:00.000,Polygon,81279,392,395074874.93,993.244389685,138.23,538203790.51
2022-01-03 00:00:00.000,Arbitrum,3662,92,407335282.87,14327.152856741,9351.51,5558390479
2022-01-03 00:00:00.000,Optimism,3950,96,21643572.81,1884.67196186,452.81,191400359.34
2022-01-03 00:00:00.000,Polygon,41255,395,400453132.46,1781.977592335,430.93,938656922.97
2022-01-10 00:00:00.000,Arbitrum,4164,79,344903343.87,14178.965832271,6989.81,5903293822.87
2022-01-10 00:00:00.000,Optimism,3519,85,15383997.35,1535.175865682,289.31,206784356.69
2022-01-10 00:00:00.000,Polygon,50284,489,455541822.22,1416.17311545,389.18,1394198745.19
2022-01-17 00:00:00.000,Arbitrum,4328,80,378713059.82,12462.175781368,5651.81,6282006882.69
2022-01-17 00:00:00.000,Optimism,4248,87,31443677.23,2078.920808595,661.15,238228033.92
2022-01-17 00:00:00.000,Polygon,42431,431,512865472.59,1628.13402007,523.12,1907064217.78
2022-01-24 00:00:00.000,Arbitrum,3922,92,318718250.44,10925.859601659,4995.63,6600725133.13
2022-01-24 00:00:00.000,Optimism,3001,93,23536620.18,2185.184307864,1014.69,261764654.1
2022-01-24 00:00:00.000,Polygon,52802,472,612783027.27,1433.04185419,415.525,2519847245.05
2022-01-31 00:00:00.000,Arbitrum,3601,88,168770123.8,7829.743623289,3104.91,6769495256.93
2022-01-31 00:00:00.000,Optimism,3667,101,18964922.68,1718.459829648,518.16,280729576.78
2022-01-31 00:00:00.000,Polygon,55188,491,451167493.99,1301.751356781,224.67,2971014739.04
2022-02-07 00:00:00.000,Arbitrum,4437,92,189674829.5,7348.889170864,2998.865,6959170086.43
2022-02-07 00:00:00.000,Optimism,3762,103,22901696.84,1931.654591768,591.34,303631273.62
2022-02-07 00:00:00.000,Polygon,63345,502,679517635.29,1542.720874186,309.16,3650532374.33
2022-02-14 00:00:00.000,Arbitrum,3596,95,190775549.66,6617.258052723,3243.94,7149945636.09
2022-02-14 00:00:00.000,Optimism,3171,101,18402437.91,1785.950884123,613.75,322033711.53
2022-02-14 00:00:00.000,Polygon,62609,523,567436657.01,1474.397591358,203.34,4217969031.34
2022-02-21 00:00:00.000,Arbitrum,3308,91,313513137.55,6977.191826902,3950.53,7463458773.64
2022-02-21 00:00:00.000,Optimism,2803,99,24241805.08,2029.452078694,1018,346275516.61
2022-02-21 00:00:00.000,Polygon,52753,494,715405294.01,1775.873455704,333.04,4933374325.35
2022-02-28 00:00:00.000,Arbitrum,4243,101,252450126.4,6062.97435996,3022.98,7715908900.04
2022-02-28 00:00:00.000,Optimism,2886,108,18745325.79,1825.784142398,592.76,365020842.4
2022-02-28 00:00:00.000,Polygon,52936,500,563365222.06,1517.065269771,281.15,5496739547.41
2022-03-07 00:00:00.000,Arbitrum,3975,93,205069556.77,5283.119249021,2688.16,7920978456.81
2022-03-07 00:00:00.000,Optimism,3642,107,19563190.69,1617.193576093,627.55,384584033.09
2022-03-07 00:00:00.000,Polygon,41410,503,432795132.42,1488.56267621,279.87,5929534679.83
2022-03-14 00:00:00.000,Arbitrum,3755,105,220095002.71,5988.816704579,2831.34,8141073459.52
2022-03-14 00:00:00.000,Optimism,3447,107,19849504.67,1375.953463885,531.145,404433537.76
2022-03-14 00:00:00.000,Polygon,47745,560,397642059.21,1341.671983784,246.66,6327176739.04
2022-03-21 00:00:00.000,Arbitrum,5803,114,239730405.45,6233.239871295,2778.155,8380803864.97
2022-03-21 00:00:00.000,Optimism,5074,116,25599590.72,1290.106874969,513.32,430033128.48
2022-03-21 00:00:00.000,Polygon,54703,534,392035139.78,1282.501765834,208.45,6719211878.82
2022-03-28 00:00:00.000,Arbitrum,6604,127,405363705.2,8879.429273635,3447.72,8786167570.17
2022-03-28 00:00:00.000,Optimism,5678,117,35560659.93,1463.82332071,745.56,465593788.41
2022-03-28 00:00:00.000,Polygon,59284,583,552439673.69,1360.387287769,253.105,7271651552.51
2022-04-04 00:00:00.000,Arbitrum,4638,111,291104537.76,8605.1771486,4702.33,9077272107.93
2022-04-04 00:00:00.000,Optimism,3954,107,26964021.22,1605.479084251,1033.92,492557809.63
2022-04-04 00:00:00.000,Polygon,61467,575,471822350.34,1311.89309145,228.085,7743473902.85
2022-04-11 00:00:00.000,Arbitrum,7350,114,273904671.76,6582.664546023,2971.875,9351176779.69
2022-04-11 00:00:00.000,Optimism,6017,116,28435597.26,1203.979899229,914.885,520993406.89
2022-04-11 00:00:00.000,Polygon,68558,595,417095717.78,1167.230235183,143.84,8160569620.63
2022-04-18 00:00:00.000,Arbitrum,8259,116,220909031.13,5375.307957515,1269.51,9572085810.82
2022-04-18 00:00:00.000,Optimism,14760,134,47972169.13,1008.263501335,229.09,568965576.02
2022-04-18 00:00:00.000,Polygon,70291,590,463707801.48,1158.620676121,153.74,8624277422.11
2022-04-25 00:00:00.000,Arbitrum,20478,134,235017156.23,3459.492393058,444.355,9807102967.05
2022-04-25 00:00:00.000,Optimism,13413,139,41288711.51,1081.224278157,199.09,610254287.53
2022-04-25 00:00:00.000,Polygon,76552,670,580506266.84,1175.589847793,150.18,9204783688.95
2022-05-02 00:00:00.000,Arbitrum,22416,124,252128398.93,3762.82962361,547.7,10059231365.98
2022-05-02 00:00:00.000,Optimism,12085,127,34723381.94,1000.097406106,163.83,644977669.47
2022-05-02 00:00:00.000,Polygon,75087,665,638801291.01,1209.669937661,168.62,9843584979.96
2022-05-09 00:00:00.000,Arbitrum,16187,136,460196380.94,4734.822941128,2252.3,10519427746.92
2022-05-09 00:00:00.000,Optimism,8960,130,58690327.95,1381.501493539,781.3,703667997.42
2022-05-09 00:00:00.000,Polygon,67967,710,1378241787.28,1503.1325625,330.72,11221826767.24
2022-05-16 00:00:00.000,Arbitrum,20349,122,139042152.69,2035.726456274,446.33,10658469899.61
2022-05-16 00:00:00.000,Optimism,10808,117,22658373.82,657.774953407,208.42,726326371.24
2022-05-16 00:00:00.000,Polygon,60800,641,482663036.84,853.252998794,99.93,11704489804.08
2022-05-23 00:00:00.000,Arbitrum,20185,132,135505263.2,2016.207344364,533.79,10793975162.81
2022-05-23 00:00:00.000,Optimism,13036,131,30379394.63,720.625154304,179.9,756705765.87
2022-05-23 00:00:00.000,Polygon,55179,659,498148936.82,993.581422032,122.91,12202638740.9
2022-05-30 00:00:00.000,Arbitrum,25453,139,132723770,1794.995604604,364.42,10926698932.81
2022-05-30 00:00:00.000,Optimism,68945,177,492135718.2,1850.739596033,449.37,1248841484.07
2022-05-30 00:00:00.000,Polygon,54545,655,422169401.72,936.788596446,99.95,12624808142.62
2022-06-06 00:00:00.000,Arbitrum,23787,137,151595698.49,1871.829141231,452.09,11078294631.3
2022-06-06 00:00:00.000,Optimism,27396,162,310065130.29,957.854394362,44.11,1558906614.36
2022-06-06 00:00:00.000,Polygon,56078,639,552659157.47,1046.03728966,117.24,13177467300.09
2022-06-13 00:00:00.000,Arbitrum,17030,134,155103079.61,1445.912926354,854.95,11233397710.91
2022-06-13 00:00:00.000,Optimism,15808,155,219178124.99,396.528805464,64,1778084739.35
2022-06-13 00:00:00.000,Polygon,54087,669,801436930.89,955.749354404,207.93,13978904230.98
2022-06-20 00:00:00.000,Arbitrum,19098,129,95660361.1,1103.145452973,558.255,11329058072.01
2022-06-20 00:00:00.000,Optimism,17030,167,109227476.16,369.68492004,63.84,1887312215.51
2022-06-20 00:00:00.000,Polygon,72833,681,480259421.4,697.024184414,106.26,14459163652.38
2022-06-27 00:00:00.000,Arbitrum,15057,121,79728988.72,1299.512472414,545.42,11408787060.73
2022-06-27 00:00:00.000,Optimism,10906,149,89405217.5,557.340490855,64,1976717433.01
2022-06-27 00:00:00.000,Polygon,75340,660,374986721.09,617.959903842,92.57,14834150373.47
2022-07-04 00:00:00.000,Arbitrum,11079,131,98978173.84,1602.470191367,702.94,11507765234.57
2022-07-04 00:00:00.000,Optimism,9401,153,78201442.19,600.907047004,64.06,2054918875.2
2022-07-04 00:00:00.000,Polygon,47557,662,324845770.28,645.722927448,99.96,15158996143.75
2022-07-11 00:00:00.000,Arbitrum,11506,134,135827653.93,1964.104604584,778.68,11643592888.5
2022-07-11 00:00:00.000,Optimism,13587,163,87913035.87,493.546868042,64.06,2142831911.07
2022-07-11 00:00:00.000,Polygon,54875,701,466664041.28,748.660491167,120.36,15625660185.03
2022-07-18 00:00:00.000,Arbitrum,14255,143,150960761.88,1688.315851703,802.87,11794553650.38
2022-07-18 00:00:00.000,Optimism,12662,187,202225425.04,639.031729656,64.06,2345057336.11
2022-07-18 00:00:00.000,Polygon,58397,711,725394703.49,1067.387931527,162.58,16351054888.52
2022-07-25 00:00:00.000,Arbitrum,15746,154,154646336.54,1660.435669773,718.32,11949199986.92
2022-07-25 00:00:00.000,Optimism,21486,192,285819682.33,552.385418512,64.06,2630877018.44
2022-07-25 00:00:00.000,Polygon,56846,718,693214880.82,1132.887314811,177.47,17044269769.34
2022-08-01 00:00:00.000,Arbitrum,19588,191,170432550.2,1624.342859594,361.25,12119632537.12
2022-08-01 00:00:00.000,Optimism,21224,215,256051786.27,463.427887775,61.91,2886928804.71
2022-08-01 00:00:00.000,Polygon,53515,708,501591841.55,1218.3963388,159.595,17545861610.89
2022-08-08 00:00:00.000,Arbitrum,19165,209,195142028.15,1982.868577133,382.405,12314774565.27
2022-08-08 00:00:00.000,Optimism,18248,203,276047096.27,622.387930147,64.03,3162975900.98
2022-08-08 00:00:00.000,Polygon,60203,730,614604257.29,1367.300384181,143.06,18160465868.18
2022-08-15 00:00:00.000,Arbitrum,14908,170,189389229.58,2073.022138815,559.84,12504163794.85
2022-08-15 00:00:00.000,Optimism,20683,203,317694797.44,697.272532104,64.06,3480670698.42
2022-08-15 00:00:00.000,Polygon,65184,747,734300752.79,1281.91159269,141.5,18894766620.97
2022-08-22 00:00:00.000,Arbitrum,24182,190,193735087.42,1343.814767632,73.52,12697898882.27
2022-08-22 00:00:00.000,Optimism,13617,189,327781975.61,965.13479832,64.06,3808452674.03
2022-08-22 00:00:00.000,Polygon,57560,697,618848191.71,1189.751766725,158.29,19513614812.68
2022-08-29 00:00:00.000,Arbitrum,48478,212,230921729.13,864.357423005,0.5,12928820611.4
2022-08-29 00:00:00.000,Optimism,18272,193,358607850.56,1177.504607009,64,4167060524.59
2022-08-29 00:00:00.000,Polygon,56026,741,603597902.89,1211.902836397,150.04,20117212715.57
2022-09-05 00:00:00.000,Arbitrum,46094,226,373453749.01,1387.488943334,1.23,13302274360.41
2022-09-05 00:00:00.000,Optimism,13894,194,257258640.2,834.43173037,64,4424319164.79
2022-09-05 00:00:00.000,Polygon,55661,738,626939394.05,1202.456920358,142.77,20744152109.62
2022-09-12 00:00:00.000,Arbitrum,40179,235,389884292.96,1590.137783343,35.97,13692158653.37
2022-09-12 00:00:00.000,Optimism,17489,199,269772940.05,807.766293334,64,4694092104.84
2022-09-12 00:00:00.000,Polygon,64049,775,790555444.63,1255.242424425,189.63,21534707554.25
2022-09-19 00:00:00.000,Arbitrum,38832,254,374615869.22,1162.013956046,27.68,14066774522.59
2022-09-19 00:00:00.000,Optimism,34733,195,334405454.45,746.310808498,64,5028497559.29
2022-09-19 00:00:00.000,Polygon,56027,858,690859023.48,925.776716963,101.47,22225566577.73
2022-09-26 00:00:00.000,Arbitrum,35333,264,316894616.29,1001.810232263,26.27,14383669138.88
2022-09-26 00:00:00.000,Optimism,33635,200,269954215.9,925.502310377,64,5298451775.19
2022-09-26 00:00:00.000,Polygon,55638,826,615234022.49,966.17782922,88.54,22840800600.22
2022-10-03 00:00:00.000,Arbitrum,37110,281,360499985.85,1168.917448971,23.46,14744169124.73
2022-10-03 00:00:00.000,Optimism,32946,200,134211715.29,775.409280354,63.09,5432663490.48
2022-10-03 00:00:00.000,Polygon,51246,846,441911973.16,841.08665139,37.78,23282712573.38
2022-10-10 00:00:00.000,Arbitrum,31421,272,295004854.66,1139.53845458,25.11,15039173979.39
2022-10-10 00:00:00.000,Optimism,28877,219,124851313.45,626.757328993,64,5557514803.93
2022-10-10 00:00:00.000,Polygon,49035,868,441381290.89,899.615987693,56.68,23724093864.27
2022-10-17 00:00:00.000,Arbitrum,55874,287,246291922.68,497.919551271,13.07,15285465902.07
2022-10-17 00:00:00.000,Optimism,29889,216,117321495.28,595.743198347,53.32,5674836299.21
2022-10-17 00:00:00.000,Polygon,50298,798,440265249.84,996.830742395,89.42,24164359114.11
2022-10-24 00:00:00.000,Arbitrum,88155,320,555686953.9,964.94370115,0.15,15841152855.97
2022-10-24 00:00:00.000,Optimism,37289,228,263789553.93,679.405957091,64.1,5938625853.14
2022-10-24 00:00:00.000,Polygon,65056,890,806192674.78,1294.747528009,206.03,24970551788.89
2022-10-31 00:00:00.000,Arbitrum,77976,345,606869068.46,1238.225280058,1,16448021924.43
2022-10-31 00:00:00.000,Optimism,45492,228,222567728.41,555.692752751,64.01,6161193581.55
2022-10-31 00:00:00.000,Polygon,72689,968,987527282.22,1305.919629275,286.29,25958079071.11
2022-11-07 00:00:00.000,Arbitrum,83274,354,1182484214.58,1713.469593413,174.95,17630506139.01
2022-11-07 00:00:00.000,Optimism,54831,236,476879788.32,715.203461917,76.49,6638073369.87
2022-11-07 00:00:00.000,Polygon,90212,1008,1870033315.02,1332.048308343,371.47,27828112386.13
2022-11-14 00:00:00.000,Arbitrum,66679,327,411246302.73,1098.684245942,24.3,18041752441.74
2022-11-14 00:00:00.000,Optimism,54271,231,151885359.96,484.589462944,64,6789958729.83
2022-11-14 00:00:00.000,Polygon,79671,951,672033272.65,891.161984077,154.17,28500145658.78
2022-11-21 00:00:00.000,Arbitrum,70509,331,379478920.88,1002.332092468,29.8,18421231362.62
2022-11-21 00:00:00.000,Optimism,59340,228,137424987.12,447.83970358,63.96,6927383716.95
2022-11-21 00:00:00.000,Polygon,75719,1031,616611178.83,909.119454052,130,29116756837.61
2022-11-28 00:00:00.000,Arbitrum,72960,369,348119232.11,955.363660616,12.25,18769350594.73
2022-11-28 00:00:00.000,Optimism,50478,226,123011519.53,447.212164231,63.87,7050395236.48
2022-11-28 00:00:00.000,Polygon,65600,1081,417881439.85,776.674999117,87.69,29534638277.46
2022-12-05 00:00:00.000,Arbitrum,57030,388,265530857.04,987.977679285,10.51,19034881451.77
2022-12-05 00:00:00.000,Optimism,61533,233,92004054.65,364.855113893,53.22,7142399291.13
2022-12-05 00:00:00.000,Polygon,62983,1085,286059197.17,766.004978457,67.5,29820697474.63
2022-12-12 00:00:00.000,Arbitrum,66877,374,415074772.35,1295.32758816,32.885,19449956224.12
2022-12-12 00:00:00.000,Optimism,75376,229,131421527.47,396.290817359,63.61,7273820818.6
2022-12-12 00:00:00.000,Polygon,69587,1048,380197092.6,880.634220383,85.32,30200894567.23
2022-12-19 00:00:00.000,Arbitrum,56443,338,249569943.85,974.441049563,5.5,19699526167.97
2022-12-19 00:00:00.000,Optimism,75022,211,76466210.89,317.888664402,54,7350287029.49
2022-12-19 00:00:00.000,Polygon,65592,1044,224836029.63,646.502257593,39.67,30425730596.86
2022-12-26 00:00:00.000,Arbitrum,43430,342,159971809.95,951.884527663,16.67,19859497977.92
2022-12-26 00:00:00.000,Optimism,81225,219,53481828.31,234.084825755,41.2,7403768857.8
2022-12-26 00:00:00.000,Polygon,61598,973,165487862.33,524.858427942,26.9,30591218459.19
2023-01-02 00:00:00.000,Arbitrum,57619,376,191904205.53,939.100291805,31.53,20051402183.45
2023-01-02 00:00:00.000,Optimism,97001,241,108034719.41,357.003847826,54.27,7511803577.21
2023-01-02 00:00:00.000,Polygon,51599,969,196523028.69,647.266414235,40.15,30787741487.88
2023-01-09 00:00:00.000,Arbitrum,61887,399,468856443.93,1715.110927139,168.65,20520258627.38
2023-01-09 00:00:00.000,Optimism,109078,254,261364750.18,446.233479844,63.99,7773168327.39
2023-01-09 00:00:00.000,Polygon,55009,1067,570306387.44,1028.386962443,162.745,31358047875.32
2023-01-16 00:00:00.000,Arbitrum,44185,392,541653840.34,1920.601654262,302.98,21061912467.72
2023-01-16 00:00:00.000,Optimism,59937,246,274989917.6,615.683069662,103.73,8048158244.99
2023-01-16 00:00:00.000,Polygon,53743,1052,585581191.54,1028.829934607,167.02,31943629066.86
2023-01-23 00:00:00.000,Arbitrum,42211,390,598963588.75,2060.241082638,357.03,21660876056.47
2023-01-23 00:00:00.000,Optimism,29501,238,272020586.84,729.606328963,127.29,8320178831.83
2023-01-23 00:00:00.000,Polygon,56660,1003,694797629.73,1091.819075675,222.26,32638426696.59
2023-01-30 00:00:00.000,Arbitrum,63117,475,744877841.46,1968.300777831,195.63,22405753897.93
2023-01-30 00:00:00.000,Optimism,35657,251,332403032.65,872.080387684,127.85,8652581864.48
2023-01-30 00:00:00.000,Polygon,60137,1071,648554680.07,1214.874504903,200,33286981376.66
2023-02-06 00:00:00.000,Arbitrum,72027,484,759676041.99,1647.86942005,117.07,23165429939.92
2023-02-06 00:00:00.000,Optimism,53211,251,284023078.09,951.829536121,103.43,8936604942.57
2023-02-06 00:00:00.000,Polygon,56409,985,831945495.69,1455.990156879,324.52,34118926872.35
2023-02-13 00:00:00.000,Arbitrum,83432,552,1101067860.55,2008.874006207,264.225,24266497800.47
2023-02-13 00:00:00.000,Optimism,40029,270,278728724.23,988.455813911,135.59,9215333666.8
2023-02-13 00:00:00.000,Polygon,61269,1009,996702000,1714.455269785,368.45,35115628872.35
2023-02-20 00:00:00.000,Arbitrum,93640,546,1006313454.26,1802.760363557,100.88,25272811254.73
2023-02-20 00:00:00.000,Optimism,47306,286,363629219.52,942.794449264,128,9578962886.32
2023-02-20 00:00:00.000,Polygon,67284,1031,724354482.25,1378.974237319,174.95,35839983354.6
2023-02-27 00:00:00.000,Arbitrum,81412,538,975979957.89,2163.00423942,121.08,26248791212.62
2023-02-27 00:00:00.000,Optimism,35936,277,237403811.64,859.041361562,88,9816366697.96
2023-02-27 00:00:00.000,Polygon,69005,1054,499003360.63,1102.42877481,97.8,36338986715.23
2023-03-06 00:00:00.000,Arbitrum,81111,551,1768894666.32,3322.385773407,501.62,28017685878.94
2023-03-06 00:00:00.000,BSC,4,4,3724.38,98.01,54.75,3724.38
2023-03-06 00:00:00.000,Optimism,37611,297,380954700.15,890.257878667,128.52,10197321398.11
2023-03-06 00:00:00.000,Polygon,65997,1093,982435691.69,1444.567177418,262.6,37321422406.92
2023-03-13 00:00:00.000,Arbitrum,103551,622,2304153647.23,3121.309300895,664,30321839526.17
2023-03-13 00:00:00.000,BSC,19523,193,26399472.96,699.861428912,17.14,26403197.34
2023-03-13 00:00:00.000,Optimism,46500,304,488292543.37,874.886527061,101.82,10685613941.48
2023-03-13 00:00:00.000,Polygon,65348,1138,1016565092.79,1442.173595641,223.98,38337987499.71
2023-03-20 00:00:00.000,Arbitrum,191461,755,3505400862.46,3441.711982229,1000,33827240388.63
2023-03-20 00:00:00.000,BSC,47924,216,39438713.62,474.30804113,30,65841910.96
2023-03-20 00:00:00.000,Optimism,42300,297,278483457.56,827.234281793,96.15,10964097399.04
2023-03-20 00:00:00.000,Polygon,70069,1109,695592181,1235.374045842,146.105,39033579680.71
2023-03-27 00:00:00.000,Arbitrum,163909,719,3114124520.74,3239.560295377,1000,36941364909.37
2023-03-27 00:00:00.000,BSC,43442,233,54511730.96,631.419762776,34.46,120353641.92
2023-03-27 00:00:00.000,Optimism,50020,281,170276418.55,656.348219366,64.71,11134373817.59
2023-03-27 00:00:00.000,Polygon,83192,1105,414142499.98,841.383660791,78.235,39447722180.69
2023-04-03 00:00:00.000,Arbitrum,182100,686,2225803900.86,3378.280720794,989.22,39167168810.23
2023-04-03 00:00:00.000,BSC,43474,243,46798958.53,534.252982751,20.52,167152600.45
2023-04-03 00:00:00.000,Optimism,73231,293,149141523.32,653.751000824,53,11283515340.91
2023-04-03 00:00:00.000,Polygon,80645,1135,347746542.32,862.584286845,64.38,39795468723.01
2023-04-10 00:00:00.000,Arbitrum,221047,712,3042597673.6,3560.013611979,1189.14,42209766483.83
2023-04-10 00:00:00.000,BSC,46749,275,50403444.73,513.14795498,27.315,217556045.18
2023-04-10 00:00:00.000,Optimism,73816,303,201026782.82,744.938181407,63.93,11484542123.73
2023-04-10 00:00:00.000,Polygon,87449,1123,420621603.75,867.826467864,42.815,40216090326.76
2023-04-17 00:00:00.000,Arbitrum,276088,922,3106762627.09,2921.342121308,400.06,45316529110.92
2023-04-17 00:00:00.000,BSC,44413,322,63500653.54,633.435615075,41.59,281056698.72
2023-04-17 00:00:00.000,Optimism,49287,295,233062382.94,950.852000294,114.38,11717604506.67
2023-04-17 00:00:00.000,Polygon,83645,1110,438643710.38,981.018337758,99.72,40654734037.14
2023-04-24 00:00:00.000,Arbitrum,230310,904,2515625329.21,3188.687004812,499.04,47832154440.13
2023-04-24 00:00:00.000,BSC,51682,341,71210155.53,594.592282508,22.58,352266854.25
2023-04-24 00:00:00.000,Optimism,49302,290,168990666.81,956.370496944,64.965,11886595173.48
2023-04-24 00:00:00.000,Polygon,78582,1050,475632165.18,1127.683675251,97.06,41130366202.32
2023-05-01 00:00:00.000,Arbitrum,182555,1145,1944544642.85,2668.574185002,298.34,49776699082.98
2023-05-01 00:00:00.000,BSC,47321,370,58879155.8,544.07913471,30.86,411146010.05
2023-05-01 00:00:00.000,Optimism,42883,270,152711131.28,1185.617813871,128.23,12039306304.76
2023-05-01 00:00:00.000,Polygon,73413,1173,355550515.75,886.885232029,50,41485916718.07
2023-05-08 00:00:00.000,Arbitrum,212094,1180,1867439891.53,2465.312747074,272.435,51644138974.51
2023-05-08 00:00:00.000,BSC,46187,318,47825795.93,503.726364278,22.97,458971805.98
2023-05-08 00:00:00.000,Optimism,35944,272,167799316.74,1126.419386441,99.99,12207105621.5
2023-05-08 00:00:00.000,Polygon,78814,1328,365192638.56,776.617305305,49.93,41851109356.63
2023-05-15 00:00:00.000,Arbitrum,178485,922,1213781268.11,2358.427589851,216.28,52857920242.62
2023-05-15 00:00:00.000,BSC,51417,280,36630546.56,378.590734949,10.89,495602352.54
2023-05-15 00:00:00.000,Optimism,49185,272,118339636.83,767.736272828,53.34,12325445258.33
2023-05-15 00:00:00.000,Polygon,83598,1269,252385918.48,594.208541353,34.62,42103495275.11
2023-05-22 00:00:00.000,Arbitrum,214534,895,1143699627.23,2170.809422022,164.165,54001619869.85
2023-05-22 00:00:00.000,BSC,71455,322,36946928.46,304.714422644,5.99,532549281
2023-05-22 00:00:00.000,Optimism,55738,285,110129843.58,818.365077542,50.19,12435575101.91
2023-05-22 00:00:00.000,Polygon,87491,1298,277514535.85,648.883594861,30.67,42381009810.96
2023-05-29 00:00:00.000,Arbitrum,202532,898,1181936350.51,2286.285322322,202.545,55183556220.36
2023-05-29 00:00:00.000,BSC,71782,274,32625801.11,264.187223045,4.99,565175082.11
2023-05-29 00:00:00.000,Optimism,67899,303,117599255.83,649.942277631,27.875,12553174357.74
2023-05-29 00:00:00.000,Polygon,96592,1269,243573837.84,576.158384502,24.12,42624583648.8
2023-06-05 00:00:00.000,Arbitrum,171664,933,1791827797.14,2695.434465675,690.78,56975384017.5
2023-06-05 00:00:00.000,BSC,79335,303,58156958.95,380.317158655,9.97,623332041.06
2023-06-05 00:00:00.000,Optimism,73608,330,149500506.81,743.447030499,37.05,12702674864.55
2023-06-05 00:00:00.000,Polygon,99428,1430,469715080.22,621.93571139,49.27,43094298729.02
2023-06-12 00:00:00.000,Arbitrum,166603,845,1408650819.72,2331.867462336,511,58384034837.22
2023-06-12 00:00:00.000,BSC,69362,292,82318970.75,568.191185403,14.26,705651011.81
2023-06-12 00:00:00.000,Optimism,74756,302,118078917.56,734.075108856,32.03,12820753782.11
2023-06-12 00:00:00.000,Polygon,110956,1299,383902653.52,603.093291902,42.39,43478201382.54
2023-06-19 00:00:00.000,Arbitrum,163773,872,1966518691.51,2857.684856245,749.44,60350553528.73
2023-06-19 00:00:00.000,Avalanche,7,3,708.52,28.3408,30.3,708.52
2023-06-19 00:00:00.000,BSC,62078,295,45151694.07,364.261694419,12.6,750802705.88
2023-06-19 00:00:00.000,Optimism,79431,324,180756628.25,909.577147681,56.995,13001510410.36
2023-06-19 00:00:00.000,Polygon,108308,1337,424996318.31,659.523553435,38.28,43903197700.85
2023-06-26 00:00:00.000,Arbitrum,208335,846,2200604298.17,2800.830725038,782.97,62551157826.9
2023-06-26 00:00:00.000,Avalanche,13,3,3798.02,59.3440625,31.25,4506.54
2023-06-26 00:00:00.000,BSC,54166,377,58006838.93,505.634007113,34.56,808809544.81
2023-06-26 00:00:00.000,Optimism,97886,337,177324042.94,907.399667076,40,13178834453.3
2023-06-26 00:00:00.000,Polygon,122885,1291,447607251.62,651.554114244,30.16,44350804952.47
2023-07-03 00:00:00.000,Arbitrum,178392,836,1426920015.6,2566.915365478,396.02,63978077842.5
2023-07-03 00:00:00.000,Avalanche,21,5,10626.38,80.502878788,28.315,15132.92
2023-07-03 00:00:00.000,BSC,49825,372,42811994.06,424.63790974,21.44,851621538.87
2023-07-03 00:00:00.000,Optimism,93360,331,126637986.38,782.000768058,23.97,13305472439.68
2023-07-03 00:00:00.000,Polygon,127414,1356,342793611.63,581.454531257,34.92,44693598564.1
2023-07-10 00:00:00.000,Arbitrum,156204,849,1805313970.39,2734.168390014,569.4,65783391812.89
2023-07-10 00:00:00.000,Avalanche,935,33,14145218.52,964.753684354,686.175,14160351.44
2023-07-10 00:00:00.000,BSC,61870,362,61643029.3,476.077797515,27.88,913264568.17
2023-07-10 00:00:00.000,Optimism,105250,337,201028701.76,826.880480427,32,13506501141.44
2023-07-10 00:00:00.000,Polygon,127447,1475,516110226.38,761.724474589,57.45,45209708790.48
2023-07-17 00:00:00.000,Arbitrum,140122,809,1425400274.34,2558.313664092,528,67208792087.23
2023-07-17 00:00:00.000,Avalanche,10436,39,15242933.13,546.361272089,99.89,29403284.57
2023-07-17 00:00:00.000,BSC,63952,348,43989407.33,355.449851968,27.95,957253975.5
2023-07-17 00:00:00.000,Optimism,83759,342,163366893.52,689.605669589,24.95,13669868034.96
2023-07-17 00:00:00.000,Polygon,129749,1519,328650045.82,587.098388887,49.96,45538358836.3
2023-07-24 00:00:00.000,Arbitrum,130127,791,859308934.41,2211.521861257,285.975,68068101021.64
2023-07-24 00:00:00.000,Avalanche,13815,45,40049874.44,1070.508779001,163.895,69453159.01
2023-07-24 00:00:00.000,BSC,65115,336,34422654.43,271.172636127,25,991676629.93
2023-07-24 00:00:00.000,Optimism,95390,344,155116043.07,362.19217566,9.27,13824984078.03
2023-07-24 00:00:00.000,Polygon,118969,1528,234274580.57,530.990452399,54.64,45772633416.87
2023-07-31 00:00:00.000,Arbitrum,129527,792,876049795.75,2175.208000511,247.27,68944150817.39
2023-07-31 00:00:00.000,Avalanche,10854,47,16626422.48,636.83248353,88.95,86079581.49
2023-07-31 00:00:00.000,BSC,67222,345,34011309.6,265.561902977,12.45,1025687939.53
2023-07-31 00:00:00.000,Base,21,5,"null","null","null","null"
2023-07-31 00:00:00.000,Optimism,78307,335,214778340.78,391.105532261,9.2,14039762418.81
2023-07-31 00:00:00.000,Polygon,116122,1510,233408921.94,526.793256085,40.89,46006042338.81
2023-08-07 00:00:00.000,Arbitrum,120489,785,692406357.63,1955.475103873,195.69,69636557175.02
2023-08-07 00:00:00.000,Avalanche,10386,45,11246703.34,490.415704007,61.35,97326284.83
2023-08-07 00:00:00.000,BSC,58402,375,28395752.51,268.47205686,10.49,1054083692.04
2023-08-07 00:00:00.000,Base,19348,596,1488304.27,780.852187828,24,1488304.27
2023-08-07 00:00:00.000,Optimism,77589,330,144315986.72,312.605704953,10,14184078405.53
2023-08-07 00:00:00.000,Polygon,99971,1495,187821445.32,505.151650081,30.16,46193863784.13
2023-08-14 00:00:00.000,Arbitrum,107899,799,1151195101.87,2618.250736034,509.74,70787752276.89
2023-08-14 00:00:00.000,Avalanche,10630,60,16617038.81,542.030818736,149.85,113943323.64
2023-08-14 00:00:00.000,BSC,49185,365,40521084.07,402.154466753,17.14,1094604776.11
2023-08-14 00:00:00.000,Base,23561,273,2600536.61,1288.032000991,66.6,4088840.88
2023-08-14 00:00:00.000,Optimism,71222,684,179064396.91,503.1029358,8,14363142802.44
2023-08-14 00:00:00.000,Polygon,86851,1554,265389827.75,618.653148748,63.8,46459253611.88
2023-08-21 00:00:00.000,Arbitrum,91650,745,761157011.21,2141.528390387,362.47,71548909288.1
2023-08-21 00:00:00.000,Avalanche,9264,61,8871888.98,385.047913719,82.75,122815212.62
2023-08-21 00:00:00.000,BSC,40292,343,37181401.23,434.159285731,20.12,1131786177.34
2023-08-21 00:00:00.000,Base,48981,200,2041770.86,688.856565452,99.555,6130611.74
2023-08-21 00:00:00.000,Optimism,65948,340,123596365.66,403.547026888,8.29,14486739168.1
2023-08-21 00:00:00.000,Polygon,78164,1517,192767776.54,518.425681798,45.85,46652021388.42
2023-08-28 00:00:00.000,Arbitrum,83587,742,862696955.36,2442.835010675,499.87,72411606243.46
2023-08-28 00:00:00.000,Avalanche,7058,62,9139748.58,450.211742279,127.64,131954961.2
2023-08-28 00:00:00.000,BSC,37226,424,32278801.74,421.416284662,15.18,1164064979.08
2023-08-28 00:00:00.000,Base,24887,157,4792527.39,1581.692207921,129.09,10923139.13
2023-08-28 00:00:00.000,Optimism,55300,352,127704320.7,399.404262566,5.98,14614443488.8
2023-08-28 00:00:00.000,Polygon,73647,1453,238675414.09,699.70834398,65.05,46890696802.51
2023-09-04 00:00:00.000,Arbitrum,83273,712,546929071.94,1922.814042722,299.74,72958535315.4
2023-09-04 00:00:00.000,Avalanche,5743,62,3805685.07,310.490745696,26.23,135760646.27
2023-09-04 00:00:00.000,BSC,34692,311,24322606.88,355.500115174,14.325,1188387585.96
2023-09-04 00:00:00.000,Base,19118,136,3347940.81,831.786536646,90.88,14271079.94
2023-09-04 00:00:00.000,Optimism,49208,339,117085542.53,474.088118112,8.21,14731529031.33
2023-09-04 00:00:00.000,Polygon,68594,1408,214193296.79,680.099626569,59.91,47104890099.3
2023-09-11 00:00:00.000,Arbitrum,73834,728,756752837.3,1967.927740981,548.55,73715288152.7
2023-09-11 00:00:00.000,Avalanche,4608,64,2988102.63,265.137766637,40.42,138748748.9
2023-09-11 00:00:00.000,BSC,36330,324,33039590.25,430.11339109,21.14,1221427176.21
2023-09-11 00:00:00.000,Base,23157,123,1713551.42,298.11263396,66.95,15984631.36
2023-09-11 00:00:00.000,Optimism,51636,329,123239220.72,419.524919134,9.08,14854768252.05
2023-09-11 00:00:00.000,Polygon,62663,1428,244253015.17,715.158284959,76.46,47349143114.47
2023-09-18 00:00:00.000,Arbitrum,74067,754,592545644.17,1816.643910557,482.98,74307833796.87
2023-09-18 00:00:00.000,Avalanche,5108,63,2309972.47,196.811150209,39.76,141058721.37
2023-09-18 00:00:00.000,BSC,36285,324,25099038.5,343.911956537,19.28,1246526214.71
2023-09-18 00:00:00.000,Base,22974,131,3760618.35,412.982467604,20.61,19745249.71
2023-09-18 00:00:00.000,Optimism,52944,350,90322322.97,445.297299148,13.54,14945090575.02
2023-09-18 00:00:00.000,Polygon,64749,1438,179464053.83,563.411579501,52.13,47528607168.3
2023-09-25 00:00:00.000,Arbitrum,81577,761,729817892.68,2050.050260337,532.7,75037651689.55
2023-09-25 00:00:00.000,Avalanche,4408,64,2955577.46,266.004631446,55.01,144014298.83
2023-09-25 00:00:00.000,BSC,34765,339,25247468.11,368.549275381,17.53,1271773682.82
2023-09-25 00:00:00.000,Base,27181,128,4163965,241.781732668,8.58,23909214.71
2023-09-25 00:00:00.000,Optimism,71590,337,102829849.25,367.430552379,5.88,15047920424.27
2023-09-25 00:00:00.000,Polygon,62463,1566,212584188.1,615.729163577,59.68,47741191356.4
2023-10-02 00:00:00.000,Arbitrum,81950,765,784119000.16,2111.985585085,558.98,75821770689.71
2023-10-02 00:00:00.000,Avalanche,5050,72,13253229.29,446.808350415,414.47,157267528.12
2023-10-02 00:00:00.000,BSC,41867,377,33623904.77,389.237645513,14.98,1305397587.59
2023-10-02 00:00:00.000,Base,24849,132,4241523.41,236.00731193,8.61,28150738.12
2023-10-02 00:00:00.000,Optimism,41239,346,94486021.55,603.960660364,25.745,15142406445.82
2023-10-02 00:00:00.000,Polygon,65157,1500,293085381.37,669.002657815,79.6,48034276737.77
2023-10-09 00:00:00.000,Arbitrum,69896,739,692706844.88,2246.750384769,589.62,76514477534.59
2023-10-09 00:00:00.000,Avalanche,3916,68,2390259.44,225.474902368,60.71,159657787.56
2023-10-09 00:00:00.000,BSC,31351,409,31306404.12,464.955802887,20.53,1336703991.71
2023-10-09 00:00:00.000,Base,27907,116,4197266.06,230.378509249,12.01,32348004.18
2023-10-09 00:00:00.000,Optimism,39459,347,77457599.17,432.132551368,6.4,15219864044.99
2023-10-09 00:00:00.000,Polygon,65396,1505,200410401.36,571.810414627,50.09,48234687139.13
2023-10-16 00:00:00.000,Arbitrum,67624,762,1015015506.67,2827.971432826,794.845,77529493041.26
2023-10-16 00:00:00.000,Avalanche,3799,74,3852833.89,280.552966577,178.4,163510621.45
2023-10-16 00:00:00.000,BSC,31045,432,43241959.55,589.786403748,24.68,1379945951.26
2023-10-16 00:00:00.000,Base,32106,128,2811504.13,86.123575739,6.7,35159508.31
2023-10-16 00:00:00.000,Optimism,43458,350,78829884.52,572.109940779,14.87,15298693929.51
2023-10-16 00:00:00.000,Polygon,72598,1560,293317810.64,595.943059991,50.2,48528004949.77
2023-10-23 00:00:00.000,Arbitrum,136401,797,2014987796.38,2724.075561285,774.435,79544480837.64
2023-10-23 00:00:00.000,Avalanche,4591,69,19626328.29,498.016399553,477.02,183136949.74
2023-10-23 00:00:00.000,BSC,32246,415,70744654.28,737.661143227,60.25,1450690605.54
2023-10-23 00:00:00.000,Base,30230,109,4248634.52,122.608637885,7.73,39408142.83
2023-10-23 00:00:00.000,Optimism,36366,358,223827553.15,818.558859681,20,15522521482.66
2023-10-23 00:00:00.000,Polygon,70124,1559,461861861.03,684.175937698,99.9,48989866810.8
2023-10-30 00:00:00.000,Arbitrum,104611,805,1775389295.24,2590.761539115,698.69,81319870132.88
2023-10-30 00:00:00.000,Avalanche,4770,65,20678668.11,491.168098382,483.57,203815617.85
2023-10-30 00:00:00.000,BSC,36409,420,66460771.37,644.32438215,49.885,1517151376.91
2023-10-30 00:00:00.000,Base,25242,111,4550186.71,249.093267094,12.64,43958329.54
2023-10-30 00:00:00.000,Optimism,42874,346,147503462.59,845.277517235,55.27,15670024945.25
2023-10-30 00:00:00.000,Polygon,79166,1598,411027808.03,626.292777443,101.24,49400894618.83
2023-11-06 00:00:00.000,Arbitrum,144780,843,2362246089,2794.61493934,798,83682116221.88
2023-11-06 00:00:00.000,Avalanche,5887,69,72426769.26,799.624285241,624.905,276242387.11
2023-11-06 00:00:00.000,BSC,40042,406,111132297.36,830.982662559,93.32,1628283674.27
2023-11-06 00:00:00.000,Base,19835,120,4917523.58,443.139909886,35.95,48875853.12
2023-11-06 00:00:00.000,Optimism,43115,367,295133340.61,1120.437572786,60.06,15965158285.86
2023-11-06 00:00:00.000,Polygon,73816,1691,678494053.84,817.254955475,178.34,50079388672.67
2023-11-13 00:00:00.000,Arbitrum,81584,768,2596987761.44,3823.187085958,1490.11,86279103983.32
2023-11-13 00:00:00.000,Avalanche,8946,80,108138624.13,961.061359136,562.705,384381011.24
2023-11-13 00:00:00.000,BSC,47899,424,92929884.48,697.195493169,48.37,1721213558.75
2023-11-13 00:00:00.000,Base,20502,126,5083351.37,315.383507259,29.125,53959204.49
2023-11-13 00:00:00.000,Optimism,36972,350,150969784.28,932.17694086,37,16116128070.14
2023-11-13 00:00:00.000,Polygon,81290,1776,875705627.61,923.024477446,198.19,50955094300.28
2023-11-20 00:00:00.000,Arbitrum,78836,770,1869505970.24,3497.809961177,1152.34,88148609953.56
2023-11-20 00:00:00.000,Avalanche,8954,75,17586358.95,562.673458647,207.06,401967370.19
2023-11-20 00:00:00.000,BSC,50563,422,143799496.78,917.61531989,63.47,1865013055.53
2023-11-20 00:00:00.000,Base,21258,116,6506071.29,389.608437032,25.07,60465275.78
2023-11-20 00:00:00.000,Optimism,38762,380,255670412.04,862.754560744,23.02,16371798482.18
2023-11-20 00:00:00.000,Polygon,86616,1897,540236035.28,741.106201144,110.91,51495330335.56
2023-11-27 00:00:00.000,Arbitrum,78706,790,1487136146.39,3399.929918908,998.8,89635746099.95
2023-11-27 00:00:00.000,Avalanche,10302,86,13633557.32,384.238693422,196.07,415600927.51
2023-11-27 00:00:00.000,BSC,50553,428,46094507.56,398.668992311,25.07,1911107563.09
2023-11-27 00:00:00.000,Base,20192,120,14292959.1,481.179608807,25.065,74758234.88
2023-11-27 00:00:00.000,Optimism,43877,365,176842052.54,844.634894708,24.21,16548640534.72
2023-11-27 00:00:00.000,Polygon,83272,1668,452484994.72,717.827938822,101.17,51947815330.28
2023-12-04 00:00:00.000,Arbitrum,86701,871,2265608278.46,3466.199141195,1307.15,91901354378.41
2023-12-04 00:00:00.000,Avalanche,11566,103,35944888.67,584.869157311,316.515,451545816.18
2023-12-04 00:00:00.000,BSC,91458,481,73887442.52,363.008334987,23.1,1984995005.61
2023-12-04 00:00:00.000,Base,21665,134,44380748.23,629.398100067,39.65,119138983.11
2023-12-04 00:00:00.000,Optimism,45463,382,353256322.5,961.335865554,24.92,16901896857.22
2023-12-04 00:00:00.000,Polygon,89983,1798,708017121.5,836.212711189,168.3,52655832451.78
2023-12-11 00:00:00.000,Arbitrum,76589,835,2267377254.97,3571.747179026,1466.37,94168731633.38
2023-12-11 00:00:00.000,Avalanche,10889,99,48890314.96,878.848012943,517.83,500436131.14
2023-12-11 00:00:00.000,BSC,72891,463,137061603.28,715.397641188,47.05,2122056608.89
2023-12-11 00:00:00.000,Base,23836,130,61389188.88,694.746484688,63.87,180528171.99
2023-12-11 00:00:00.000,Optimism,40312,372,414567220.29,1138.483056764,56.705,17316464077.51
2023-12-11 00:00:00.000,Polygon,93147,1689,626723439.22,839.363622535,160.65,53282555891
2023-12-18 00:00:00.000,Arbitrum,97380,865,1979393563.22,3354.102770728,1331.13,96148125196.6
2023-12-18 00:00:00.000,Avalanche,7219,80,22454049.59,1456.541877919,837.615,522890180.73
2023-12-18 00:00:00.000,BSC,73548,469,55539183.79,476.424480292,38.51,2177595792.68
2023-12-18 00:00:00.000,Base,25495,134,33629293.38,707.344790611,60.12,214157465.37
2023-12-18 00:00:00.000,Optimism,44231,383,386495656.47,958.941595632,34.66,17702959733.98
2023-12-18 00:00:00.000,Polygon,106750,1685,574803150.6,776.054175791,136.84,53857359041.6
2023-12-25 00:00:00.000,Arbitrum,108983,911,2325290513.22,2805.296356972,1030.15,98473415709.82
2023-12-25 00:00:00.000,Avalanche,12032,111,34635619.85,820.51596347,452.485,557525800.58
2023-12-25 00:00:00.000,BSC,81721,538,56333501.4,337.984109195,35.29,2233929294.08
2023-12-25 00:00:00.000,Base,29138,162,55850888.46,594.556867475,45.95,270008353.83
2023-12-25 00:00:00.000,Optimism,52620,392,248746037.68,953.06090752,52.77,17951705771.66
2023-12-25 00:00:00.000,Polygon,111184,1811,814204081.56,926.570173011,238.34,54671563123.16
2024-01-01 00:00:00.000,Arbitrum,102448,922,3470491224.49,2920.937315197,1318.33,101943906934.31
2024-01-01 00:00:00.000,Avalanche,9806,118,30309928,625.73397469,349.46,587835728.58
2024-01-01 00:00:00.000,BSC,68397,512,61083610.59,317.421340958,30.82,2295012904.67
2024-01-01 00:00:00.000,Base,26492,138,55595226.12,700.394649836,59.79,325603579.95
2024-01-01 00:00:00.000,Optimism,48411,362,219558086.76,654.401021609,15,18171263858.42
2024-01-01 00:00:00.000,Polygon,103541,1963,644748518.91,777.348651962,142.22,55316311642.07
2024-01-08 00:00:00.000,Arbitrum,104248,975,4063147022.19,3187.827085421,1497.72,106007053956.5
2024-01-08 00:00:00.000,Avalanche,8971,116,41538556.51,725.310922123,483.025,629374285.09
2024-01-08 00:00:00.000,BSC,71936,514,166779077.68,787.61140423,61.14,2461791982.35
2024-01-08 00:00:00.000,Base,26310,152,89957565.83,718.023433212,59.59,415561145.78
2024-01-08 00:00:00.000,Optimism,47449,411,550343038.68,1350.379314975,168.99,18721606897.1
2024-01-08 00:00:00.000,Polygon,103987,2041,936636311.8,887.622675293,174.02,56252947953.87
2024-01-15 00:00:00.000,Arbitrum,101175,922,1566431264.86,2281.947227906,896.53,107573485221.36
2024-01-15 00:00:00.000,Avalanche,8388,122,23194757.04,703.553659306,309.11,652569042.13
2024-01-15 00:00:00.000,BSC,79331,522,188752772.18,908.876631404,42.13,2650544754.53
2024-01-15 00:00:00.000,Base,25740,155,36331190.21,515.599316105,45.875,451892335.99
2024-01-15 00:00:00.000,Optimism,42791,426,213738890.66,630.719605584,14.5,18935345787.76
2024-01-15 00:00:00.000,Polygon,102431,2125,457170620.83,597.871249111,94.04,56710118574.7
2024-01-22 00:00:00.000,Arbitrum,99280,904,1686754810.14,2245.321093166,1013.29,109260240031.5
2024-01-22 00:00:00.000,Avalanche,9095,129,27021937.09,627.789352276,341.51,679590979.22
2024-01-22 00:00:00.000,BSC,81466,540,182900112.61,935.191678947,50.11,2833444867.14
2024-01-22 00:00:00.000,Base,26705,160,45611241.82,474.050488692,44.37,497503577.81
2024-01-22 00:00:00.000,Optimism,47660,389,186747549.2,763.95925988,35.93,19122093336.96
2024-01-22 00:00:00.000,Polygon,106485,2116,403933849.13,542.732904983,84.15,57114052423.83
2024-01-29 00:00:00.000,Arbitrum,108859,967,1220648110.2,2115.764668504,718.97,110480888141.7
2024-01-29 00:00:00.000,Avalanche,9183,115,36217270.73,955.903471548,396.135,715808249.95
2024-01-29 00:00:00.000,BSC,79470,533,251714483.45,1215.747704364,50.1,3085159350.59
2024-01-29 00:00:00.000,Base,47188,254,33664690.01,419.038188777,35.02,531168267.82
2024-01-29 00:00:00.000,Optimism,45931,386,181642762.8,579.053657604,12.06,19303736099.76
2024-01-29 00:00:00.000,Polygon,116528,2074,367097001.3,511.682658402,69.87,57481149425.13
2024-02-05 00:00:00.000,Arbitrum,96971,960,1208638483.48,2408.111693853,694.33,111689526625.18
2024-02-05 00:00:00.000,Avalanche,9593,139,37534512.41,987.152839334,444.4,753342762.36
2024-02-05 00:00:00.000,BSC,82178,580,238941213.67,1127.682272485,56.72,3324100564.26
2024-02-05 00:00:00.000,Base,81532,1272,106452659.25,599.956373919,54.505,637620927.07
2024-02-05 00:00:00.000,Optimism,36451,405,130516202.84,708.903388409,30.59,19434252302.6
2024-02-05 00:00:00.000,Polygon,129869,2230,416713856.76,527.496578108,65.62,57897863281.89
2024-02-12 00:00:00.000,Arbitrum,108814,992,1701813464.3,2529.122221562,875.82,113391340089.48
2024-02-12 00:00:00.000,Avalanche,8947,119,39194283.29,932.087593103,499.76,792537045.65
2024-02-12 00:00:00.000,BSC,80757,589,335762203.8,1229.749531375,115.95,3659862768.06
2024-02-12 00:00:00.000,Base,61763,660,80867235.14,536.942075335,49.96,718488162.21
2024-02-12 00:00:00.000,Optimism,41708,401,213500699.58,461.456511011,20.04,19647753002.18
2024-02-12 00:00:00.000,Polygon,129925,2246,639346797.55,665.281464896,99.96,58537210079.44
2024-02-19 00:00:00.000,Arbitrum,107873,979,2148436054.55,3068.492993816,1093.935,115539776144.03
2024-02-19 00:00:00.000,Avalanche,8348,128,34855524.52,972.667071857,418.23,827392570.17
2024-02-19 00:00:00.000,BSC,89337,621,364947386.98,1140.531867554,128.35,4024810155.04
2024-02-19 00:00:00.000,Base,53882,547,107349755.8,765.089842492,60.06,825837918.01
2024-02-19 00:00:00.000,Optimism,49648,405,238132372.31,452.778232161,39.98,19885885374.49
2024-02-19 00:00:00.000,Polygon,133492,2301,852326847.36,743.244559574,111.07,59389536926.8
2024-02-26 00:00:00.000,Arbitrum,102631,1007,3257961994.5,4014.127224552,1623.395,118797738138.53
2024-02-26 00:00:00.000,Avalanche,13086,153,74979488.55,998.554876278,483.395,902372058.72
2024-02-26 00:00:00.000,BSC,114105,649,554491351.87,1355.701373986,131.18,4579301506.91
2024-02-26 00:00:00.000,Base,56808,527,209248671.97,884.189168963,85.12,1035086589.98
2024-02-26 00:00:00.000,Optimism,42720,391,445397120.04,1136.153379249,100.57,20331282494.53
2024-02-26 00:00:00.000,Polygon,147166,2488,1203630530.68,863.806472844,150.77,60593167457.48
2024-03-04 00:00:00.000,Arbitrum,95708,969,4846695360.81,5362.290297495,2097.7,123644433499.34
2024-03-04 00:00:00.000,Avalanche,16591,141,113217139.18,1137.254921298,454.89,1015589197.9
2024-03-04 00:00:00.000,BSC,136477,672,823597401.92,1462.605246145,187.77,5402898908.83
2024-03-04 00:00:00.000,Base,85019,1902,411800705.26,1273.300635907,181.86,1446887295.24
2024-03-04 00:00:00.000,Optimism,41992,411,694867463.82,1296.706602559,118.97,21026149958.35
2024-03-04 00:00:00.000,Polygon,159326,2481,1588673137.37,1031.026817645,214.68,62181840594.85
2024-03-11 00:00:00.000,Arbitrum,124917,1165,4450615381.39,3815.960152643,1454.61,128095048880.73
2024-03-11 00:00:00.000,Avalanche,19536,157,220269677.52,1337.521192094,748.02,1235858875.42
2024-03-11 00:00:00.000,BSC,140347,723,1020934661.41,1671.558859354,290.21,6423833570.24
2024-03-11 00:00:00.000,Base,149055,3963,526657081.13,1070.658835393,157.68,1973544376.37
2024-03-11 00:00:00.000,Optimism,60561,560,617040475.13,1051.717365885,126.49,21643190433.48
2024-03-11 00:00:00.000,Polygon,151733,2674,1465153991.11,936.064260996,188.69,63646994585.96
2024-03-18 00:00:00.000,Arbitrum,142528,1609,3802975049.89,1893.850572511,832.92,131898023930.62
2024-03-18 00:00:00.000,Avalanche,17819,162,223324547.35,1574.837437592,961.92,1459183422.77
2024-03-18 00:00:00.000,BSC,138392,674,697282871.49,1354.83914944,251.4,7121116441.73
2024-03-18 00:00:00.000,Base,246662,10248,970390827.75,914.355467292,242.8,2943935204.12
2024-03-18 00:00:00.000,Optimism,74970,510,593111817.58,758.881031142,126.8,22236302251.06
2024-03-18 00:00:00.000,Polygon,139472,2696,973027913.41,663.656028293,150.15,64620022499.37
2024-03-25 00:00:00.000,Arbitrum,203963,1747,2092308137.06,1563.664457327,375.09,133990332067.68
2024-03-25 00:00:00.000,Avalanche,29316,153,84558136.5,1067.88245583,297.38,1543741559.27
2024-03-25 00:00:00.000,BSC,157306,689,759062290.22,1689.749007649,109.79,7880178731.95
2024-03-25 00:00:00.000,Base,454684,16951,1902114904.4,1267.834024023,238.91,4846050108.52
2024-03-25 00:00:00.000,Optimism,93417,486,506654839.72,817.66131525,98.29,22742957090.78
2024-03-25 00:00:00.000,Polygon,156626,2815,699755250.64,611.48334885,104.3,65319777750.01
2024-04-01 00:00:00.000,Arbitrum,162245,1433,1917334709.6,1677.741481808,428.09,135907666777.28
2024-04-01 00:00:00.000,Avalanche,9974,146,66360051.58,1188.886030779,622.02,1610101610.85
2024-04-01 00:00:00.000,BSC,109433,800,441322622.54,1220.289620853,99.65,8321501354.49
2024-04-01 00:00:00.000,Base,439001,20571,1727281185.9,970.282934901,158.29,6573331294.42
2024-04-01 00:00:00.000,Optimism,59663,472,377564093.73,844.902452666,115.12,23120521184.51
2024-04-01 00:00:00.000,Polygon,150390,2548,566627216.88,547.034096641,105.96,65886404966.89
ï»¿